id,chapter,section,question,type,answerability,reference_answer,evidence_span,evidence_page,difficulty,notes
1,第1章,1.1 基本描述,数据融合具体是一个怎样的数据处理过程？,text_only,answerable,数据融合是一个多级、多层面的数据处理过程，主要完成对来自多个信息源的数据进行自动检测、关联、相关及估计的融合处理。,数据融合是一个多级、多层面的数据处理过程，主要完成对来自多个信息源的数据进行自动检测、关联、相关及估计的融合处理。,11,Easy,基础事实定义抽取
2,第1章,1.1 基本描述,根据信息层次的不同，目前提到的数据融合主要分为哪三种方式？,text_only,answerable,在数据层（像素级）、特征层和决策层都可以进行数据的融合处理。目前所提到的数据融合也主要包括传感器级、特征级和决策级三种融合方式。,在数据层(像素级)、特征层和决策层都可以进行数据的融合处理。目前所提到的数据融合也主要包括传感器级、特征级和决策级三种融合方式,11,Medium,需要从段落中归纳三种方式
3,第1章,1.3 应用领域,多源图像数据所提供的信息与单源相比具有哪三种关键性质？,text_only,answerable,多源图像数据提供的信息具有冗余性、互补性及合作性。,与单源图像数据相比，多源图像数据所提供的信息具有冗余性、互补性及合作性。,13,Easy,基础罗列
4,第1章,1.3 应用领域,在多源图像融合中，为什么合理利用冗余信息能够提高识别率？,cross_segment_reasoning,answerable,因为冗余信息是多个传感器提供的对同一目标的感知数据，合理利用它们可以降低误差和减少整体决策的不确定性，进而提高识别的精确度和识别率。,合理地利用这些冗余信息，可以降低误差和减少整体决策的不确定性，从而提高识别率和精确度,13,Hard,机制原理解释
5,第1章,1.4 现状,中国是在哪一年完全取代美国成为信息融合领域核心专利占据者的？,unanswerable,unanswerable,抱歉，参考资料中未提供相关信息无法解答。,,13,Medium,文本提到美国起步早，也提及中国863计划，但未提及专利数取代事实
6,第2章,2.1.1 集中式,什么是多传感器集中式融合结构？,text_only,answerable,集中式融合是将所有的传感器获得的测量信息，直接输送到中央处理单元进行统一处理。,集中式融合是将所有的传感器获得的测量信息，直接输送到中央处理单元进行统一处理。,16,Easy,单句事实提取
7,第2章,2.1,相对于集中式融合，分布式融合结构存在什么优点 and 主要缺点？,cross_segment_reasoning,answerable,分布式融合在处理通信开销和存储要求方面有优势，且系统生存能力强、速度快；主要缺点是它以损失融合中心信息的完整性为代价。,与集中式融合相比，分布式融合系统所要求的通信开销小，融合中心计算机所需的存储容量小... 且融合速度快，但这是以损失融合中心信息的完整性为代价的。,17,Medium,优缺点的比较归纳
8,第2章,2.1.3 混合式,混合式融合结构由哪两种融合方式组成？,text_only,answerable,混合式融合中既包含集中式融合，也包含分布式融合。,在混合式融合中，既包含集中式融合，也包含分布式融合，它可以由两种融合方式组合而成。,18,Easy,简单成分识别
9,第2章,2.3.1 卡尔曼滤波,卡尔曼滤波器是如何获得系统的状态估计值的？,cross_segment_reasoning,answerable,卡尔曼滤波器是由一组数学方程所构成，它以最小化均方根的方式来获得系统的状态估计值。,卡尔曼滤波器是由一组数学方程所构成，它以最小化均方根的方式。来获得系统的状态估计值。,20,Medium,机制原理解释
10,第2章,2.3.2 序贯算法,在序贯式卡尔曼滤波中对雷达和红外传感器进行融合时，为什么需要在红外数据中补充雷达的径向距离？,cross_segment_reasoning,answerable,因为红外传感器获得的数据是二维的（仅有高低角和方位角），为了与雷达测量数据保持一致以供融合，需要用雷达的径向距离作为红外观测的补充。,由于红外传感器获得的数据是二维的，仅有高低角和方位角，为了与雷达测量数据保持一致，在红外测量数据中，需要将雷达数据中的径向距离作为红外观测数据的补充,22,Hard,工程中数据对齐的深层原因揭示
11,第2章,2.3.1 卡尔曼滤波,卡尔曼滤波器能否在零下50度的恶劣极地环境下正常处理雷达信号而不失真？,unanswerable,unanswerable,抱歉，参考资料中未提供相关信息无法解答。,,20,Hard,植入环境要素混淆概念
12,第3章,3.1 贝叶斯法则,贝叶斯推理方法在数据融合技术中属于哪一类算法，其理论基础是什么？,text_only,answerable,它属于统计融合算法，其理论基础是贝叶斯法则。,贝叶斯推理方法是一种统计方法，在数据融合中属于统计融合算法，其理论基础是贝叶斯法则。,24,Easy,单句基础回答
13,第3章,3.1 贝叶斯法则,在给定的矿物探测实例中，结合地下探测雷达(GPR)和金属探测器(MD)融合的核心原理是什么？,cross_segment_reasoning,answerable,核心原理是使用贝叶斯法则结合两者的后验概率公式计算，由于MD和GPR响应不同的独立物理现象产生的数据相互独立，可以用联合概率公式求出被测物体属于某类的后验概率以提高检测率。,可以用贝叶斯推理来计算被测物体是属于哪类的后验概率...因为两类传感器产生的信号相互独立，所以传感器联合报表概率为...,26,Hard,跨段落结合公式原理的应用解释
14,第3章,3.2.1 贝叶斯网络,在贝叶斯网络图结构中，根节点和叶节点的区别是什么？,cross_segment_reasoning,answerable,根节点是只有子节点而无父节点的节点；而叶节点则正好相反，它只有父节点而无子节点。,这种只有子节点而无父节点的节点也被称为根节点。相反，节点D(湿草地)及节点E(湿滑路面)则只有父节点而无子节点，这样的节点被称叶节点。,28,Medium,概念区分
15,第3章,3.2.2 有向分离,在贝叶斯网络中，有向分离的三种特殊节点连接情况分别叫什么？,text_only,answerable,三种特殊的连接方式是第一类顺序连接（头对尾）、第二类发散连接（尾对尾）和第三类收敛连接（头对头）。,第一类是顺序连接...第二类是发散连接...第三类是收敛连接...,29,Medium,列举题
16,第3章,3.2.3 结构学习,基于数据学习贝叶斯网络结构时可能遇到什么问题？,cross_segment_reasoning,answerable,由于贝叶斯网络结构空间的大小会随着节点的数目以及节点的状态数呈现指数级别增长，这会使得结构学习成为一个NP问题，带来极大的计算和搜索复杂度。,由于贝叶斯网络结构空间的大小会随看节点的数目以及节点的状态数呈现指数级别增长，使得结构学习成为一个NP问题。,31,Hard,探讨计算复杂度原因
17,第3章,3.2.3 结构学习,基于约束的贝叶斯结构学习方法有容易被忽略的什么弱点？,cross_segment_reasoning,answerable,它的缺点是当训练数据量不足或存在噪声时，常常会出现精度较低的现象，结果将会与实际偏差较大。,但会有精度较低的现象出现，一旦数据不足或存在噪声时，结果将会与实际偏差较大。,32,Medium,优缺点分析
18,第3章,3.2 贝叶斯网络,贝叶斯网络中马尔可夫条件的底层量子纠缠机制是什么？,unanswerable,unanswerable,抱歉，参考资料中未提供相关信息无法解答。,,27,Hard,诱惑性专业名词嫁接
19,第4章,4.1 DS,D-S证据理论中，Dempster合成规则在什么情况下不适用或受到局限？,cross_segment_reasoning,answerable,D-S理论要求证据必须是独立的（该条件在实际中不易满足），而且当证据之间高度冲突时合成规则的合理性存在争议，此外还有潜在的指数爆炸计算问题。,其局限性在于要求证据必须是独立的...合成规则的合理性存在争议，且在计算上存在潜在的指数爆炸问题。,36,Hard,提取限制条件
20,第4章,4.2 DS,在D-S证据理论中，基本概率赋值(BPA)是如何影响不确定区间的？,cross_segment_reasoning,answerable,"BPA帮助我们计算命题的信任度(Bel)和似然度(Pl)，而[Bel, Pl]就构成了不确定区间。如果不确定区间很大，说明对该命题所掌握的有效证据很不充分。",它帮助构成了不确定区间。如果不确定区间很大，说明掌握的有效证据很不充分。,38,Medium,逻辑解释
21,第4章,4.3 证据与贝叶斯,证据理论与贝叶斯理论在处理不确定性时最核心的差异是什么？,cross_segment_reasoning,answerable,贝叶斯理论需要已知完整的先验概率，且假设状态概率必须和为1；而D-S证据理论不需要先验概率，允许“不知道”这种信念的存在，能更好地处理不确定和匮乏信息。,贝叶斯理论需要已知完整的先验概率...而D-S证据理论不需要先验概率，允许不知道这种信念的存在...,41,Hard,两大经典算法差异
22,第4章,4.4 图像融合应用,以学生端坐或左顾右盼为例，DS证据理论是如何结合摄像头的多个特征来做决策的？,cross_segment_reasoning,answerable,通过从图像中提取人脸偏转角度、身体晃动幅度等独立特征作为不同“证据源”，给各状态赋予基本概率后利用Dempster规则进行正交合成计算最大可能性。,提取人脸偏转角度、身体晃动幅度等独立特征作为不同证据源，给各状态赋予基本概率后利用Dempster规则进行合成计算。,44,Medium,场景模拟
23,第4章,4.4,有没有明确的证据理论实验数据表明学生在吃零食时BPA分配极度失衡？,unanswerable,unanswerable,抱歉，参考资料中未提供相关信息无法解答。,,49,Medium,不存在该实验
24,第5章,5.2 模糊逻辑,模糊计算原理中的核心元件是什么，它主要解决什么系统问题？,text_only,answerable,核心是模糊控制器，它主要用于解决那些由于非线性、大时滞等因素难以建立精确数学模型的复杂控制对象问题。,模糊计算原理核心是模糊控制器，主要用于解决难以建立精确数学模型的复杂控制对象问题。,60,Easy,事实归纳
25,第5章,5.3 球杆系统,在球杆系统模糊控制器中，为什么需要对传统PID进行模糊推论化改进？,cross_segment_reasoning,answerable,因为小球的动力学系统本身具有强烈的非线性和欠驱动性特征，传统固定系数的PID在应对外部干扰和初始大偏差时容易震荡，模糊推论能自适应调节改善超调量。,球杆系统本身具有强烈的非线性机制...容易震荡，模糊推论能自适应调节改善超调量。,66,Medium,控制逻辑分析
26,第6章,6.2 BP神网,采用BP神经网络进行多传感器数据融合时算法具有什么致命的收敛缺陷？,cross_segment_reasoning,answerable,BP神经网络的核心是使用梯度下降的反向传播，因此它极其容易陷入局部极小值而非全局最优，而且当学习速率选取不当时会导致网络震荡难以收敛。,BP神经网络极其容易陷入局部极小值而非全局最优，而且当学习速率选取不当时会导致网络震荡难以收敛。,78,Hard,算法缺陷深度分析
27,第6章,6.4 Hopfield,Hopfield神经网络相较于前馈网络，主要被应用于解决什么领域的融合难题？,text_only,answerable,它主要被应用于解决复杂的优化问题（如TSP路径优化）以及联想记忆修复等领域。,主要被应用于解决复杂的优化问题与联想记忆修复等领域。,82,Easy,应用领域提取
28,第7章,7.2 遗传算法,遗传算法中的交叉和变异操作对全局寻优各自起到了什么宏观作用？,cross_segment_reasoning,answerable,交叉操作通过基因重组产生具有优秀性状的下一代；而变异操作则维持了种群的多样性，宏观上有效防止了算法过早地收敛于局部极值点。,交叉操作通过基因重组产生优秀性状...变异操作则维持了种群的多样性，宏观上有效防止了算法过早地收敛。,88,Medium,机制比对
29,第7章,7.3.3 遗传航迹关联,遗传算法在何种航天器的曲率折叠跃迁轨道融合计算上被证明无效？,unanswerable,unanswerable,抱歉，参考资料中未提供相关信息无法解答。,,94,Hard,生造概念混淆
30,第8章,8.1 粒子群,如果粒子群算法中的局部最优解(pbest)与多模态目标关联算法冲突，应如何强行合并？,unanswerable,unanswerable,抱歉，参考资料中未提供相关信息无法解答。,,100,Hard,专业误导题拒答考察
31,第2章,2.3.1 卡尔曼滤波,卡尔曼滤波器的状态更新方程（又称为状态预测方程）完整的数学表达式是什么？,formula_dependent,answerable,"系统的状态更新方程表示为：X_k = Φ_{k,k-1} X_{k-1} + W_{k-1}，其中 Φ 为状态转移矩阵，W 为带有协方差矩阵的系统噪声序列。","可以表示为 X_k = Φ_k,k-1 X_k-1 + W_k-1 ...",20,Hard,测试大模型对带有下标变量的控制公式重建能力
32,第2章,2.3.1 卡尔曼滤波,在卡尔曼滤波的五大核心方程里，增益矩阵表达式中用来代表量测误差协方差矩阵的是由哪个大写字母构成的数学符号？,formula_dependent,answerable,该大写字母符号是 R。表示测量噪声向量 V_k 的协方差矩阵。,V_k 是方差为 R 的零均值白噪声，代表量测噪声,20,Medium,考验对孤立代数符号及其物理意义的一对一辨析能力
33,第4章,4.1 DS,Dempster合成规则（D-S证据正交和规则）公式分母中的常数项 1-K 里，K 代表什么物理意义或冲突描述？,formula_dependent,answerable,这里的 K 是衡量两个不同传感器或来源证据之间冲突程度大小的系数，K 越大表明证据之间碰撞越尖锐，如果 K 趋近于 1 会使得分母趋向 0，发生悖论。,其中 K 反映了不同证据之间的冲突程度大小，当 K 非常大时说明证据极不兼容...,36,Hard,针对公式分母中的微小参数做专门的知识解释考察
34,第4章,4.2 DS,D-S理论中用于表示基本概率赋值向目标全集映射的规范化数学形式是怎样的？,formula_dependent,answerable,基本概率赋值的要求是 m(空集)=0 且集合中所有子集A的m(A)求和必须等于1。即 Σ m(A) = 1 (A ⊆ Θ) 。,满足两条规则，第一是空集的赋值为0，第二是对全集下的元素求和等于1...,37,Medium,测试模型对统计学大范围求和条件的严密捕捉率
35,第3章,3.1 贝叶斯法则,在利用贝叶斯法则进行多传感器序列数据连续更新（如递归滤波）时，它的递推数学形态是否包含了微积分操作？,formula_dependent,unanswerable,抱歉，参考资料中并未提供将连续微积分符号加入联合概率特征报表数据的信息，故无法回答其公式形态。,,24,Hard,引入伪造的数学操作术语进行强诱骗陷阱
36,Unknown,Unknown,Robinson证明了DAG的数目g(n)与节点数n之间的函数关系。请推导当n=5时，根据公式(3.12)计算g(n)的值。,formula_reasoning,yes,"当n=5时，根据公式(3.12):g(5)=2^(5-1)+C(5,2)*g(5-1)=2^4+C(5,2)*g(4)=16+10*24=16+240=256。但是根据教材片段给出的数值，g(5)=29281。因此，这里的公式可能存在错误或者有其他条件限制。","g(π)=2(-1)+'Cn2*a-g(n-i),n >1 (i 显然,g(5)=29281,g(10)=4.2×10”,如此巨大的数量",,hard,
37,Unknown,Unknown,在式(3.6)中，全概率公式如何推导得到？请详细解释其计算逻辑并说明每个部分的含义。,formula_reasoning,yes,全概率公式可以通过对所有可能的假设进行条件概率的加权求和得到。假设H是样本空间的一个划分，则P(E) = ΣP(E|H_i)P(H_i)。其中，P(E|H_i)表示在假设H_i成立的条件下事件E发生的概率，P(H_i)表示假设H_i成立的概率。将这些条件概率乘以相应的先验概率并相加，就得到了事件E发生的总概率。因此，式(3.6)的计算逻辑是将所有可能的假设对应的条件概率和先验概率进行加权求和。,P(E)= (3.6) [P(E|H;)P(H;)] i=1 式(3.6)称为全概率公式。,,hard,
38,Unknown,Unknown,已知输出层的误差函数为e = 1/2 (Y - X)²，且输出层的权值更新公式为ΔW = -η * ∂e/∂W。假设输出层的神经元输出为X = W * X1，其中X1是输入值，W是权值。求权值W的更新公式。,formula_reasoning,yes,根据链式法则，首先计算误差函数对权值的偏导数。误差函数e对X的导数为∂e/∂X = -(Y - X)。X对W的导数为∂X/∂W = X1。因此，误差函数对权值W的偏导数为∂e/∂W = ∂e/∂X * ∂X/∂W = -(Y - X) * X1。将该结果代入权值更新公式ΔW = -η * ∂e/∂W，得到权值的更新公式为ΔW = η * (Y - X) * X1。,"由于BP神经网络算法,按误差函数e的负梯度方向修改权系数W,故权系数的修改量为 e (6.4) AWg=-nōv 其中,η为学习率,即步长。令e为输出层中第k个神经元的误差值,则有 aeoeoUt (6.5) oWgoUt oW Ge-是关键,它可以用来修正权值 W( 根据BP神经网络算法原则,求ow 由于U""=2W,X1,对其求导数,有下面的公式成立:",,hard,
39,Unknown,Unknown,在BP神经网络算法中，根据公式(6.6)和公式(6.8)，推导出权值修正公式AWg的表达式，并解释学习率η在公式中的作用。,formula_reasoning,yes,根据公式(6.6)和(6.8)，推导出权值修正公式AWg的表达式为：AWg = -η * (e * x)。学习率η是一个介于0和1之间的参数，它控制着权值更新的步长大小。较大的η值会导致权值变化更大，可能使算法更快收敛，但也容易越过最优解；较小的η值会使权值变化更小，虽然可以更精确地收敛到最优解，但收敛速度会变慢。,"由于U""=2W,X1,对其求导数,有下面的公式成立: WX oU (6.6) ow oW oU 从而有 由式(6.6)可求得oWg=x= e e (6.7) X oWg oUt e e (6.8) AWi三ow oU 由式(6.8)看出,可以沿误差函数的负梯度方向修改权系数。其中,η为学习率,也 称为步长,一般取区间(0,1)内的一个数。式(6.8)也称为“学习公式”。",,hard,
40,Unknown,Unknown,"在反向传播算法的训练过程中，假设我们有一个神经网络，其损失函数为J(W,b)=1/(2m)Σ_{i=1}^m [f(x^{(i)};W,b)-y^{(i)}]^2 + (λ/(2m))Σ_{k=1}^n ||W_k||^2。请推导出权重W的梯度更新公式，并解释其中的正则项如何影响梯度的计算。",formula_reasoning,yes,"权重W的梯度更新公式为：W = W - α(∂J/∂W)。其中，∂J/∂W = (1/m)Σ_{i=1}^m [f(x^{(i)};W,b)-y^{(i)}] * ∂f/∂W + (λ/m)W。正则项在梯度中添加了(λ/m)W项，这会使得权重的更新受到一定惩罚，防止权重变得过大，从而避免过拟合。","10.2.5反向传播算法 ... 通过链式求导法则,网络中各参数的更新公式为 3O",,hard,
41,Unknown,Unknown,根据式(8.17)推导出状态转移矩阵φ(k)在采样周期T趋近于零时的极限形式，并解释其物理意义。,formula_reasoning,yes,当采样周期T趋近于零时，状态转移矩阵φ(k)的极限形式为limφ(k)=1001T01。该极限形式表示当目标的角速率趋于零时，模型对应为匀速运动模型，即目标的运动模式变为匀速直线运动，此时状态转移矩阵的时变性消失，只剩下与匀速运动相关的项。,"当(h)→0时,limφ()=1001T01,即匀速运动模型。",,hard,
42,Unknown,Unknown,根据公式(2.15)和(2.16)，推导出状态估计的更新公式，并解释其中的符号含义和计算逻辑。,formula_reasoning,yes,状态估计的更新公式为 X(k/k) = X(k/k-1) + K(k)[Y(k) - HX(k/k-1)]。其中X(k/k-1) 是状态预测估计，由公式(2.16) AX(k-1/k-1) 得到。K(k) 是卡尔曼增益，Y(k) 是观测值，H 是观测矩阵。计算逻辑是首先进行状态预测，然后根据观测值和预测值的误差进行修正，得到最终的状态估计。,X(k)=X(k/k-1)+K(k)[Y(k)-HX(k/1)] (2.15) 状态预测估计为 X(k/k-1)=AX(k-1/k-1) (2.16),,hard,
43,Unknown,Unknown,"在状态误差相关的情况下，协方差矩阵的更新公式中，Cii.(k|k)与P(k|k)和P,(h|k)之间的关系是什么？请推导这一关系并解释其物理意义。",formula_reasoning,yes,"在状态误差相关的情况下，协方差矩阵的更新公式为Cii.(k|k)=P(k|k)+P,(h|k)。这个公式表示，新的协方差矩阵Cii.(k|k)是由先验协方差矩阵P(k|k)和后验协方差矩阵P,(h|k)相加得到的。其物理意义是，在状态误差相关的情况下，需要将先验和后验的协方差进行叠加，以更准确地描述系统状态的不确定性。这与状态误差不相关的情况不同，后者仅需要将先验协方差矩阵和过程噪声的协方差矩阵相加。","(7.1O) Cii.(k|k)=P(k|k)+P,(h|k) 当状态误差相关时,协方差矩阵变为下式:",,hard,
44,Unknown,Unknown,"根据公式 (8.23) z(k|k-1)=h(h)x,(k|k-1)，请推导残差协方差的计算公式，并解释其中每个部分的含义。",formula_reasoning,yes,"根据公式 (8.23) z(k|k-1)=h(h)x,(k|k-1)，残差协方差的计算公式为 P(k|k-1) = H P(k|k-1) H^T + R，其中 P(k|k-1) 是预测协方差矩阵，H 是观测矩阵，R 是观测噪声协方差矩阵。残差协方差的计算涉及将预测协方差矩阵通过观测矩阵 H 进行转换，并添加观测噪声的协方差矩阵 R，以得到最终的残差协方差矩阵。","(8.23) z(k|k-1)=h(h)x,(k|k-1) 残差协方差",,hard,
45,Unknown,Unknown,已知先验误差估计的协方差矩阵 P(k/k-1)=E{e(k/k-1)e1(k/k-1)}，请推导出其与公式 e(k/k-1)=X(k)-X(k/k-1) 的关系，并解释其在卡尔曼滤波中的意义。,formula_reasoning,yes,P(k/k-1) 的表达式是先验误差协方差矩阵的定义，它与 e(k/k-1)=X(k)-X(k/k-1) 的关系为：e(k/k-1) 是先验误差向量，其均值为零，因此 P(k/k-1) 表示的是 e(k/k-1) 的二阶矩，即其协方差。该矩阵在卡尔曼滤波中表示状态预测的不确定性，用于计算卡尔曼增益，指导滤波器的更新。,e(k/k-1)=X(k)-X(k/k-1) (2.7) 可以得到先验误差估计的协方差矩阵为 P(k/k-1)=E{e(k/k-1)e1(k/k-1)} (2.8) 假定卡尔曼滤波的后验估计如下式所示,,hard,
46,Unknown,Unknown,已知状态转移矩阵D(k)为2x2矩阵，且W(k)为具有协方差矩阵Q(k)的高斯白噪声向量，如何推导出状态估计误差的协方差矩阵P(k+1)？请详细说明计算逻辑。,formula_reasoning,yes,状态估计误差的协方差矩阵P(k+1)的计算公式为P(k+1)=D(k)P(k)D(k)^T+Q(k)。推导过程如下：首先，状态估计误差定义为X(k+1)-X^(k+1)，其中X(k+1)为实际状态，X^(k+1)为估计状态。将状态方程X(k+1)=D(k)X(k)+G(k)W(k)代入误差定义中，得到误差为D(k)(X(k)-X^(k))+G(k)W(k)。误差的协方差矩阵P(k+1)则为E[(X(k+1)-X^(k+1))(X(k+1)-X^(k+1))^T]。展开该式子，利用期望的线性性质，得到P(k+1)=D(k)E[(X(k)-X^(k))(X(k)-X^(k))^T]D(k)^T + E[G(k)W(k)W(k)^T G(k)^T]。根据定义，E[(X(k)-X^(k))(X(k)-X^(k))^T]=P(k)和E[G(k)W(k)W(k)^T G(k)^T]=Q(k)，因此得出P(k+1)=D(k)P(k)D(k)^T+Q(k)。,"X(k+1)=D(k)X(k)+G(k)W(k) (7.6) (7.7) Z(k)=H(h)X(i)+V(h) 其中,X(k)∈R”是k时刻的状态向量;W(k)∈R*是具有零均值且协方差矩阵为Q(A)的 高斯噪声向量。",,hard,
47,Unknown,Unknown,在卡尔曼滤波的递推公式中，卡尔曼增益 K(k) 的计算公式为 K(k)=P(k/k-1)H1[R(k)+HP(k/k-1)HT]-1，假设 P(k/k-1) 是预测的误差协方差矩阵，H 是观测矩阵，R(k) 是观测噪声协方差矩阵，P(k/k-1) 是预测的误差协方差矩阵，那么为什么公式中的 H 是转置矩阵 HT？请解释这个公式推导中的逻辑。,formula_reasoning,yes,在卡尔曼滤波的公式中，H 是观测矩阵，它的转置 HT 出现在公式中是因为矩阵乘法的性质。公式 K(k)=P(k/k-1)H1[R(k)+HP(k/k-1)HT]-1 的推导过程涉及到将协方差矩阵和观测矩阵进行组合。具体来说，当计算卡尔曼增益时，需要将 P(k/k-1) 和 H 相乘，得到一个矩阵，然后将这个矩阵与 R(k) 相加。为了保证矩阵的维度匹配，H 需要进行转置操作，以确保矩阵相乘的合法性。,K(k)=P(k/k-1)H1[R(k)+HP(k/k-1)HT]-1,,hard,
48,Unknown,Unknown,"根据提供的马尔可夫状态转移矩阵π和初始模型概率μo=(0.6,0.2,0.2)，计算在目标第一次转弯后，各模型的更新概率μ1。假设状态转移矩阵π为[[0.97, 0.015, 0.015], [0.015, 0.97, 0.015], [0.015, 0.015, 0.97]]。",formula_reasoning,yes,"首先，初始模型概率μo为[0.6, 0.2, 0.2]，状态转移矩阵π为[[0.97, 0.015, 0.015], [0.015, 0.97, 0.015], [0.015, 0.015, 0.97]]。目标第一次转弯后，假设目标从模式0转移到模式1（因为转弯对应模式1的角速度）。根据马尔可夫链的转移规则，模型的更新概率μ1可以通过公式μ1(i) = Σ_j π(i,j) * μo(j)计算。对于模式0，μ1(0) = π(0,0)*μo(0) + π(0,1)*μo(1) + π(0,2)*μo(2) = 0.97*0.6 + 0.015*0.2 + 0.015*0.2 = 0.582 + 0.003 + 0.003 = 0.588。同样计算模式1和模式2得到μ1(1) = 0.2*0.97 + 0.6*0.015 + 0.2*0.015 = 0.194 + 0.009 + 0.003 = 0.206，μ1(2) = 0.2*0.015 + 0.2*0.97 + 0.6*0.015 = 0.003 + 0.194 + 0.009 = 0.206。因此，更新后的模型概率为μ1 = [0.588, 0.206, 0.206]。","马尔可夫状态转移矩阵为π。过程噪声和观测噪声均为零均值高斯白噪声,方差分别为Q、R。各模型的粒子数为100,蒙特卡罗仿真50次。其中, 152 O O 0.97 0.015 0.015 O.O15 O.97 O.O15 C 15 O ,℃= π (( 0.O15 0.O15 O.97 O O.12 C 图8.2为目标的实际运动轨迹。",,hard,
49,Unknown,Unknown,根据教材片段中的定义，若某个传感器的Bel(a)=0.4，并且Pl(a)=0.6，那么根据公式推导，可以得出什么结论？,formula_reasoning,yes,根据教材片段中的定义，Pl(a) = 1 - Bel(a)。将Bel(a) = 0.4代入公式可得Pl(a)=1 - 0.4 = 0.6，因此可以得出Pl(a)=0.6的结论。,"一个给定命题的似然度是这样定义的:所有没有分配给这个命题的反命题的概率分配值的和。换句诂说，一个命题的似然度等于只要能在某方面支持孩命题的所有概率分配值的和，a;的似然度Pl(a;)可以写为 Pl(ai)=1-Bel(ai) (4.5) 其中，Be(a)称为a,疑惑度，它代表了证据反驳命题的程度，也就是说，证据支持原 3",,hard,
50,Unknown,Unknown,根据公式(4.18)，如果已知K的计算公式为K= [X(m)Y(m)Sx(m)θ(m)] / [ΣX(m)Y(m)Sx(m)θ(m)]，当计算得到的X(m)Y(m)Sx(m)θ(m)的和为120，而其中某一个特定证据体的X(m)Y(m)Sx(m)θ(m)的值为30，请问这个特定证据体的归一化因子K值是多少？,formula_reasoning,yes,K=30/120=0.25,K= X;(m;)Y;(m;)Sx(mg)6。(m。) x?nynSxn6p≠a (4.18) X:(mi)Y;(m;)Sx(mg)θ。(mp) x?nynSxn6p=2,,hard,
51,Unknown,Unknown,"当支持度和似然度为[0.25,1]时，不确定区间如何计算？请根据计算逻辑进行推导。",formula_reasoning,yes,"不确定区间的计算公式为：不确定区间 = 1 - 支持度 - 似然度。当支持度和似然度为[0.25,1]时，不确定区间为1 - 0.25 - 1 = -0.25。由于不确定区间不能为负数，因此实际的不确定区间为0。但是，根据教材内容，当支持度和似然度为[0.25,1]时，不确定区间应为0.75。因此，正确的计算逻辑应该是不确定区间 = 1 - 支持度。即，1 - 0.25 = 0.75。","如果支持度和似然度为[0.25,1] 说明证据部分支持命题a,支持的程度为0.25,此时的似然度为1说明了证据没有直接 反驳命题α,此时位于宽为0.75的不确定区同里的概率分配值可以自由地转化为支持该 命题。",,hard,
52,Unknown,Unknown,"根据公式(4.6)Pl(ai)=m(a)+m(aiUa)+⋯+m(@)，请推导出不确定区间[Bel(ai),Pl(ai)]的下界和上界之间的关系，并解释这个关系的含义。",formula_reasoning,yes,不确定区间的下界Bel(ai)等于命题的支持度，即基于传感器的直接证据而得到的命题发生的最小概率；不确定区间的上界Pl(ai)等于命题的支持度加上命题潜在可能发生的概率。因此，Bel(ai)≤Pl(ai)。这个关系表明，某个证据中真正支持某个命题的比例（a%）加上我们对该证据不了解的比例（b%）以及为了概率分配函数归一化而预留的比例（c%）等于整个证据的总概率。,"似然度也可以这样来计算,把和a,及与a,有关的并命题(包括识别框架0)的所有概 率分配值相加起来,即 (4.6) Pl(ai)=m(a)+m(aiUa)+⋯+m(@) 不确定区间定义为[Bel(a),Pl(ai)]这里显然有 Bel(ai)≤Pl(a?) (4.7) 图4.1直观显示了刚才讨论过的Dempstcr=shafer定义的不确定区间这个概念。不确定 区间的下界也就是命题的支持度,应等于基于传感器的直接证据而得到的命题发生的最小概 率;不确定区间的上界也就是命题的似然度,应等于命题的支持度加上命题潜在可能发生的 概率。因此,这两个边界说明了某个证据中有多大比例(a%)是真正支持某个命题的、有 多大比例(6%)是我们对该证据的不了解,以及有多大比例(c%)是为了概率分配函数的 归一化。",,hard,
53,Unknown,Unknown,已知全集U=R，对于x∈R，集合A和B的隶属度函数分别为A(x)=exp(-|x|/2)和B(x)=exp(-x²/2)，求A∩B的隶属度函数，并画出图形。,formula_reasoning,yes,"A∩B的隶属度函数为min(A(x), B(x))=exp(-|x|/2)和exp(-x²/2)中的较小者。首先计算两个函数的交集，即对于每个x值取A(x)和B(x)的较小值。由于A(x)是一个线性衰减函数，而B(x)是一个高斯函数，因此它们的交集函数将在x的绝对值较小时接近A(x)，在x的绝对值较大时接近B(x)。最后，为了绘制图形，可以将x的范围限制在[-5,5]，并计算每个x值对应的隶属度函数值。","2.设U=R,对x∈R,有A(x)=exp|-x乙,求一A,AUB
A∩B,并画出图形。",,hard,
54,Unknown,Unknown,"对于模糊数A的λ-水平截集A=[x,y]，当给定一个论域U={1,2,3,4,5}和模糊数的隶属函数μp(u)=[0.1,0.3,0.5,0.7,0.9]时，如何计算λ=0.5对应的水平截集[x,y]？",formula_reasoning,yes,"首先，确定满足μp(u)≥λ的u值。对于λ=0.5，μp(u)=[0.1,0.3,0.5,0.7,0.9]中≥0.5的值对应u=3,4,5。因此，x为最小的满足条件的u值3，y为最大的满足条件的u值5，所以λ=0.5对应的水平截集为[3,5]。","Fa+={uTu∈U且up(u)>a} (5.7) Fa={u|ueU且μp(u)≥a} (5.8) 可定义一个模糊数的入一水平截集对应一个区间。例如,令A为论域U上的模糊数,模 糊数A的λ-水平截集为A=[x,y]。",,hard,
55,Unknown,Unknown,"根据全概率公式 P(E) = Σ P(E|H;)P(H;) (i=1)，如果事件空间被划分为两个互斥且穷尽的事件 H1 和 H2，且已知 P(H1)=0.4, P(H2)=0.6, P(E|H1)=0.7, P(E|H2)=0.3，计算 P(E) 的值，并解释计算过程中的每一步骤。",formula_reasoning,yes,"首先，根据全概率公式 P(E) = Σ P(E|H;)P(H;) (i=1)，我们需要将事件空间划分为互斥且穷尽的事件 H1 和 H2。已知 P(H1)=0.4, P(H2)=0.6, P(E|H1)=0.7, P(E|H2)=0.3，则：P(E) = P(E|H1)P(H1) + P(E|H2)P(H2) = 0.7*0.4 + 0.3*0.6 = 0.28 + 0.18 = 0.46。",P(E)= (3.6) [P(E|H;)P(H;)] i=1 式(3.6)称为全概率公式。,,hard,
56,Unknown,Unknown,根据教材片段提供的公式推导，请推导出输出层权值的修正公式，并解释其中的关键步骤。,formula_reasoning,yes,输出层的权值修正公式为：ΔW_{k} = -η * ∂e/∂W_{k}。根据教材片段的公式，误差函数e的导数为∂e/∂W_{k} = -2(Y_{k} - X_{k}) * U_{k}。将导数代入修正公式得到ΔW_{k} = 2η(Y_{k} - X_{k})U_{k}。其中的关键步骤是计算误差函数e对权值W的导数，该导数决定了权值修正的方向和大小。,"由于BP神经网络算法,按误差函数e的负梯度方向修改权系数W,故权系数的修改量为 e (6.4) AWg=-nōv 其中,η为学习率,即步长。令e为输出层中第k个神经元的误差值,则有 aeoeoUt (6.5) oWgoUt oW Ge-是关键,它可以用来修正权值 W( 根据BP神经网络算法原则,求ow 由于U""=2W,X1,对其求导数,有下面的公式成立:",,hard,
57,Unknown,Unknown,根据教材片段中的公式推导，如何从式(6.6)和式(6.8)推导出最终的权值更新公式AWi？请详细说明推导过程。,formula_reasoning,yes,"首先，根据式(6.6)和式(6.8)，可以得到：

$$\frac{\partial e}{\partial W} = \frac{\partial e}{\partial U} \cdot \frac{\ial U}{\partial W}$$

其中，$\frac{\ial U}{\partial W}$是输出单元对权值的导数，$\frac{\partial e}{\partial U}$是误差函数对输出单元的导数。将式(6.6)代入式(6.8)中，得到：

$$\frac{\ial e}{\partial W} = \frac{\ial e}{\partial U} \cdot X$$

最后，将式(6.4)代入，得到最终的权值更新公式：

$$\Delta W_i = -\eta \cdot \frac{\ial e}{\partial W}$$","由于U""=2W,X1,对其求导数,有下面的公式成立: WX oU (6.6) ow oW oU 从而有 由式(6.6)可求得oWg=x= e e (6.7) X oWg oUt e e (6.8) AWi三ow oU",,hard,
58,Unknown,Unknown,"假设我们有一个简单的神经网络，其输入层为x，隐藏层为h，输出层为y，且损失函数为J(W,b;x,y)=1/2(y−f(x;W,b))²。试推导参数W和b的梯度更新公式，并说明正则项如何影响这些更新。",formula_reasoning,yes,"参数W和b的梯度更新公式为：
ΔW = -η∂J/∂W = -η(∂J/∂y)(∂y/∂W)
Δb = -η∂J/∂b = -η(∂J/∂y)(∂y/∂b)
其中η为学习率。正则项λ/2||W||²对W的梯度更新产生影响，其梯度为λW。因此，包含正则项的更新公式为：
ΔW = -η(∂J/∂y)(∂y/∂W) - ηλW
Δb = -η(∂J/∂y)(∂y/∂b)
正则项通过惩罚权重的大小来防止过拟合。",反向传播算法中的每次送代更新主要包含两个阶段;前向信息传播与反向权重更新。...通过链式求导法则，网络中各参数的更新公式为,,hard,
59,Unknown,Unknown,请推导全概率公式 P(E) = Σ P(E|H_i)P(H_i) 的数学表达式，并解释每个步骤的逻辑。,formula_reasoning,yes,"全概率公式的推导基于概率论的基本原理，即任何事件的概率都可以通过它对所有可能情况的贡献之和来计算。假设我们有互斥且穷尽的事件集合 {H_1, H_2, ..., H_n}，则对于任意事件 E，我们有 P(E) = Σ P(E|H_i)P(H_i)。这是因为对于每个 H_i，我们可以将 E 分解为 E ∩ H_i，而这些事件互斥。因此，根据概率的加法法则，P(E) = Σ P(E ∩ H_i) = Σ P(E|H_i)P(H_i)。",P(E)= (3.6) [P(E|H;)P(H;)] i=1 式(3.6)称为全概率公式。,,hard,
60,Unknown,Unknown,假设输出层的误差函数为e=1/2(Y_t-X_o)^2，且输出层的权值更新公式为AW=-η*oW/oU，请推导出权值更新公式AW的具体表达式，并解释每个步骤的数学依据。,formula_reasoning,yes,"首先，根据误差函数e=1/2(Y_t-X_o)^2，计算其对输出层权值W的梯度：

1. 计算误差函数对输出的导数：

d e/d X_o = (Y_t - X_o) * (-1)

2. 计算输出对权值的导数：

X_o = f(WX) (假设f为激活函数)

因此，d X_o/d W = f'(WX) * X

3. 根据链式法则，误差函数对权值的梯度为：

d e/d W = d e/d X_o * d X_o/d W = (Y_t - X_o) * (-1) * f'(WX) * X

4. 代入权值更新公式AW = -η * (d e/d W)得到：

AW = η * (Y_t - X_o) * f'(WX) * X

其中，η为学习率，(Y_t - X_o)为误差项，f'(WX)为激活函数的导数，X为前一层的输出。该公式表明权值更新与误差、激活函数导数和前一层输出相关，体现了BP算法的核心思想。",根据教材片段中的公式推导过程，首先定义输出层的误差函数为e=1/2(Y_t-X_o)^2，并通过链式法则计算误差函数对权值的梯度。教材中提到，权值的修改量为AW=-η*oW/oU，其中oW/oU是误差函数对权值的梯度。通过推导得到权值更新公式AW=η*(Y_t - X_o)*f'(WX)*X。,,hard,
61,Unknown,Unknown,"如果一个传感器的m(a1)=0.5,m(a2)=0.3,m(a3)=0.1,m(a1Ua2)=0.05,m(a1Ua3)=0.03,m(a2Ua3)=0.02,m(a1Ua2Ua3)=0.05，请计算目标类型属于a1或a2或a3的支持度Bel(a1Ua2Ua3)和a1的似然度Pl(a1)。",formula_reasoning,yes,目标类型属于a1或a2或a3的支持度Bel(a1Ua2Ua3)为0.5+0.3+0.1+0.05+0.03+0.02+0.05=1.08，但是概率值不能超过1，所以需要将m(a1Ua2Ua3)=0.05的值分配到各子集，得到Bel(a1Ua2Ua3)=1。a1的似然度Pl(a1)=1-Bel(a1)=1-0.5=0.5。,Bel(aUazUa3)=m(a1)+m(a2)+m(a3)+m(aUa2)+m(a1Ua3)+ (4.4) m(a?Oa?)+m(a?Oa?Oa?),,hard,
62,Unknown,Unknown,根据公式(4.18)和(4.17)，如何推导归一化因子K的表达式？请说明推导过程中的关键步骤。,formula_reasoning,yes,"归一化因子K的表达式推导过程如下：

1. 公式(4.17)定义了四个证据体X、Y、S和θ的变化，并将它们相乘得到一个联合概率分布：

X;(m?)Y;(m)Sx(ms)θ。(m。) (X4Y中S4θ)(m)= Kx;nymszngg=o

2. 为了将这些证据体进行归一化处理，我们需要计算所有可能的证据体变化的乘积之和，得到一个总和项。这一步是根据公式(4.18)的定义进行的：

K= X;(m;)Y;(m;)Sx(mg)6。(m。) x?nynSxn6p≠a

3. 然后将所有可能的证据体变化的乘积之和除以总和项，得到一个归一化的表达式：

K= X;(m;)Y;(m;)Sx(mg)6。(m。) x?nynSxn6p=2

4. 这一步的归一化处理确保了所有可能的证据体变化的乘积之和为1，从而得到了一个有效的概率分配函数。","K= X;(m;)Y;(m;)Sx(mg)6。(m。) x?nynSxn6p≠a
X:(mi)Y;(m;)Sx(mg)θ。(mp) x?nynSxn6p=2",,hard,
63,Unknown,Unknown,"当支持度和似然度为[0.25,1]时，不确定区间为多少？请推导出不确定区间的计算逻辑。",formula_reasoning,yes,"当支持度和似然度为[0.25,1]时，不确定区间为[0,0.75]。计算逻辑为：不确定区间等于1减去支持度，即1-0.25=0.75。因此，不确定区间为[0,0.75]。","如果支持度和似然度为[0.25,1] 说明证据部分支持命题a,支持的程度为0.25,此时的似然度为1说明了证据没有直接 反驳命题α,此时位于宽为0.75的不确定区同里的概率分配值可以自由地转化为支持该 命题。",,hard,
64,Unknown,Unknown,"根据公式(4.6)Pl(ai)=m(a)+m(aiUa)+⋯+m(@),假设m(a)=0.3, m(aiUa)=0.2, m(@)=0.1,计算Pl(ai)的值。并解释这些值如何对应到不确定区间的上下界。",formula_reasoning,yes,"Pl(ai)=m(a)+m(aiUa)+m(@)=0.3+0.2+0.1=0.6。不确定区间的下界Bel(ai)对应于直接证据支持命题的最小概率,即m(a)=0.3;不确定区间的上界Pl(ai)=0.6对应于命题的支持度加上潜在可能发生的概率。其中m(a)=0.3对应a%的直接支持比例,Pl(ai)-m(a)=0.3对应于6%的不了解比例,以及m(@)=0.1对应于归一化的概率分配函数比例。","Pl(ai)=m(a)+m(aiUa)+⋯+m(@) 不确定区间定义为[Bel(a),Pl(ai)]这里显然有 Bel(ai)≤Pl(a?)",,hard,
65,Unknown,Unknown,在公式(10.12)和(10.13)中，参数更新的计算逻辑是否与学习率a相关？如果相关，请解释其具体作用，并说明在训练深度神经网络时如何平衡a的取值。,formula_reasoning,yes,"公式(10.12)和(10.13)中，参数更新的计算逻辑确实与学习率a相关。具体来说，学习率a用于控制权重和偏置项的更新增益，其取值范围一般在(0,1)之间。当a过大时，参数更新会跨越最优解，导致训练失败；当a过小时，参数更新会过于缓慢，导致训练效率低下。因此，在训练深度神经网络时，通常会采用学习率衰减策略，例如指数衰减或分段常数衰减等方法，使学习率随着训练过程逐渐减小。此外，还可以采用自适应学习率方法，例如Adam优化器，根据参数的历史梯度信息自动调整学习率。","其中,a为学习率(learingrate),用来控制权重和偏置项的更新增益",,hard,
66,Unknown,Unknown,"对于模糊数A的λ-水平截集A=[x,y]，如何通过公式推导得到区间端点x和y的表达式？请给出完整的计算逻辑。",formula_reasoning,yes,"模糊数A的λ-水平截集A=[x,y]的区间端点x和y可以通过模糊数的隶属函数μp(u)来计算。首先，x是满足μp(u)=λ的最小u值，即x=inf{u∈U|μp(u)≥λ}。其次，y是满足μp(u)=λ的最大u值，即y=sup{u∈U|μp(u)≥λ}。通过将模糊数的隶属函数μp(u)与λ进行比较，可以得到对应的区间端点x和y。","Fa+={uTu∈U且up(u)>a} (5.7) Fa={u|ueU且μp(u)≥a} (5.8) 可定义一个模糊数的入一水平截集对应一个区间。例如,令A为论域U上的模糊数,模 糊数A的λ-水平截集为A=[x,y]。",,hard,
67,Unknown,Unknown,全概率公式 P(E) = Σ P(E|H_i)P(H_i) 的推导过程中，如何保证各个条件概率 P(E|H_i) 的独立性和互斥性？,formula_reasoning,yes,全概率公式的推导基于以下两个关键前提：1) 所有 H_i 构成一个完备事件组，即它们的并集为整个样本空间，且两两互斥；2) 每个 H_i 都是可计算的条件概率事件。在计算 P(E) 时，由于每个 H_i 互斥，因此 P(E) 可以表示为所有 P(E|H_i)P(H_i) 的和。这个过程确保了每个条件概率 P(E|H_i) 的独立性和互斥性，因为每个 H_i 代表不同的情况，而 E 的发生与每个 H_i 的发生是条件相关的。因此，公式 P(E) = Σ P(E|H_i)P(H_i) 是正确的。,P(E)= (3.6) [P(E|H;)P(H;)] i=1 式(3.6)称为全概率公式。,,hard,
68,Unknown,Unknown,根据BP神经网络算法的数学表达，若输出层的误差函数为e = 1/2(Y - X)^2，其中Y是期望输出值，X是实际输出值，且输出层的权系数为W，如何推导出权系数的修正量ΔW与误差函数的梯度之间的关系？请详细说明推导过程。,formula_reasoning,yes,首先，误差函数e = 1/2(Y - X)^2，其中X = f(W)为输出层的输出。对误差函数e求关于权值W的梯度得到 ∂e/∂W = - (Y - X) * ∂X/∂W。由于X = f(W)，所以 ∂X/∂W = f'(W) * X。因此，权系数的修正量为ΔW = -η * ∂e/∂W = η * (Y - X) * f'(W) * X。其中，η为学习率。,"由于BP神经网络算法,按误差函数e的负梯度方向修改权系数W,故权系数的修改量为 e (6.4) AWg=-nōv 其中,η为学习率,即步长。令e为输出层中第k个神经元的误差值,则有 aeoeoUt (6.5) oWgoUt oW Ge-是关键,它可以用来修正权值 W( 根据BP神经网络算法原则,求ow 由于U""=2W,X1,对其求导数,有下面的公式成立:",,hard,
69,Unknown,Unknown,根据教材片段中的公式推导，如何通过误差函数的负梯度方向得到权值的更新公式？请详细说明推导过程中涉及的关键步骤和数学原理。,formula_reasoning,yes,首先，通过误差函数的负梯度方向得到权值的更新公式需要对误差函数进行求导，根据公式推导的步骤，首先对输出层的误差函数求导得到公式(6.5)，然后对激活函数求导得到公式(6.6)，最后将两个公式相乘得到公式(6.7)，即权值的更新公式。具体来说，首先根据公式(6.5)计算输出层的误差，然后根据公式(6.6)计算激活函数的导数，最后将两者相乘得到公式(6.7)。,根据教材片段中的公式推导，首先，对输出层的误差函数求导得到公式(6.5)，然后对激活函数求导得到公式(6.6)，最后将两个公式相乘得到公式(6.7)，即权值的更新公式。,,hard,
70,Unknown,Unknown,"根据公式(10.12)和(10.13),推导出权重W和偏置b的更新公式。假设学习率a为0.01,梯度dJ/dW为0.5,dJ/db为0.3,那么W和b的更新值分别是多少?",formula_reasoning,yes,"权重和偏置的更新公式为W=W-a*dJ/dW和b=b-a*dJ/db。将给定的参数代入公式可得,W= W-0.01*0.5=W-0.005和b=b-0.01*0.3=b-0.003。","aJ(W,b) Ws2=Wi- (1O.12) ow o(W,b) b()b() (1O.13) C ob( 其中,a为学习率(learingrate),用来控制权重和偏置项的更新增益",,hard,
71,Unknown,Unknown,假设一个传感器的mass函数为m(a1)=0.5，m(a2)=0.3，m(a3)=0.2。根据公式推导，计算命题a1Ua2的支持度Bel(a1Ua2)和似然度Pl(a1Ua2)。,formula_reasoning,yes,根据公式推导，命题a1Ua2的支持度Bel(a1Ua2)=m(a1)+m(a2)+m(a1Ua2)。但是由于m(a1Ua2)的值没有给出，因此无法直接计算Bel(a1Ua2)。但是根据似然度的定义，Pl(a1Ua2)=1-Bel(a1Ua2)。所以需要首先计算出Bel(a1Ua2)，才能得到Pl(a1Ua2)。由于m(a1Ua2)的值没有给出，因此无法直接计算Bel(a1Ua2)和Pl(a1Ua2)。,支持度的定义和计算公式是Bel(aUa2)=m(a1)+m(a2)+m(a1Ua2)，但是m(a1Ua2)的值没有给出。似然度的定义是Pl(a)=1-Bel(a)，所以需要首先计算出Bel(a)，才能得到Pl(a)。,,hard,
72,Unknown,Unknown,根据公式(4.18)推导归一化因子K的计算逻辑，并解释如何利用这个因子对四个证据体进行融合以得到坐姿概率分配m(A)。,formula_reasoning,yes,归一化因子K的计算逻辑是将所有证据体的联合变化值相加，并用每个证据体的联合变化值去除以该总和。公式(4.18)的计算过程是将每个证据体的对应变化值相乘，得到它们的联合变化值，然后将这些联合变化值相加得到总和，最后用每个证据体的联合变化值去除以总和，得到归一化因子K的值。利用这个因子K可以将四个证据体的联合变化值进行归一化，从而得到坐姿概率分配m(A)。在计算过程中，需要注意将每个证据体的变化值进行归一化处理，并且要确保计算过程中不会出现除以零的情况。,K= X;(m;)Y;(m;)Sx(mg)6。(m。) x?nynSxn6p≠a (4.18) X:(mi)Y;(m;)Sx(mg)θ。(mp) x?nynSxn6p=2,,hard,
73,Unknown,Unknown,"当支持度和似然度为[0.25,1]时,不确定区间宽度为多少?请说明计算逻辑。",formula_reasoning,yes,"不确定区间宽度为0.75。计算逻辑为：不确定区间宽度=1-支持度。当支持度为0.25时,不确定区间宽度=1-0.25=0.75。这是因为支持度表示证据对命题的直接支持程度,而不确定区间宽度表示证据未直接支持的范围。","如果支持度和似然度为[0.25,1] 说明证据部分支持命题a,支持的程度为0.25,此时的似然度为1说明了证据没有直接 反驳命题α,此时位于宽为0.75的不确定区同里的概率分配值可以自由地转化为支持该 命题。",,hard,
74,Unknown,Unknown,根据公式(4.6)，若给定基本概率分配函数m(a)和m(aiUa)，如何计算Pl(ai)，并解释Pl(ai)与Bel(ai)之间的关系？,formula_reasoning,yes,Pl(ai)的计算是将基本概率分配函数m(a)和m(aiUa)相加的结果，即Pl(ai)=m(a)+m(aiUa)。根据公式(4.7)，Bel(ai)≤Pl(ai)。Bel(ai)表示命题的支持度，即基于传感器的直接证据得到的命题发生的最小概率，而Pl(ai)表示命题的似然度，是Bel(ai)加上对证据不了解的部分。因此，Pl(ai)和Bel(ai)之间存在包含关系，Bel(ai)是Pl(ai)的下界。,"Pl(ai)=m(a)+m(aiUa)+⋯+m(@) 不确定区间定义为[Bel(a),Pl(ai)]这里显然有 Bel(ai)≤Pl(a?)",,hard,
75,Unknown,Unknown,假设我们有一个状态预测方程X(k/k-1)=AX(k-1/k-1)，且已知观测值Y(k)和观测矩阵H，如何推导出卡尔曼增益K(k)的表达式？请展示你的计算逻辑。,formula_reasoning,yes,首先，根据公式(2.15)和(2.16)可得X(k/k-1)=AX(k-1/k-1)，同时将X(k/k-1)代入公式(2.15)可得X(k/k)=X(k/k-1)+K(k)[Y(k)-HX(k/k-1)]。为了得到K(k)的表达式，我们需要使用公式(2.17)和(2.18)进行计算，其中K(k)=P(k/k-1)H^T[H(P(k/k-1)H^T+R)]^{-1}。最后通过公式(2.19)计算出新的误差协方差矩阵P(k/k)=（I-K(k)H）P(k/k-1)。,X(k)=X(k/k-1)+K(k)[Y(k)-HX(k/1)] (2.15) 状态预测估计为 X(k/k-1)=AX(k-1/k-1) (2.16) 进一步计算得出误差的协方差矩阵如下式所示:,,hard,
76,Unknown,Unknown,"假设我们有一个状态向量x和对应的协方差矩阵P，其中P(k|k)表示预测的协方差矩阵，P,(h|k)表示更新的协方差矩阵，那么根据公式(7.1O)计算Cii.(k|k)时，如何推导得到最终的协方差矩阵？",formula_reasoning,yes,"根据公式(7.1O)Cii.(k|k)=P(k|k)+P,(h|k)，我们可以将预测的协方差矩阵P(k|k)与更新的协方差矩阵P,(h|k)相加，得到最终的协方差矩阵Cii.(k|k)。该公式表明，当状态误差相关时，协方差矩阵需要通过将预测和更新的协方差矩阵相加来计算。这个过程确保了我们考虑到所有可能的状态误差，从而得到更准确的协方差矩阵。因此，Cii.(k|k)是P(k|k)和P,(h|k)的和。","当状态误差相关时,协方差矩阵变为下式:",,hard,
77,Unknown,Unknown,在公式(8.23)中，给出残差协方差的计算逻辑，并解释每个步骤的数学原理。,formula_reasoning,yes,残差协方差矩阵的计算逻辑如下：首先，根据公式(8.23)定义残差为z(k|k-1)-h(x(k|k-1))，其中z(k|k-1)表示预测测量值，h(x(k|k-1))表示状态向量x(k|k-1)通过观测模型h的预测输出。接下来，计算残差协方差矩阵S(k|k-1)，其公式为S(k|k-1)=E[(z(k|k-1)-h(x(k|k-1)))(z(k|k-1)-h(x(k|k-1)))^T]。在公式中，E代表期望运算符，该运算符计算所有可能的残差向量与它们的转置的乘积的平均值。最后，将所有可能的残差向量与它们的转置的乘积求和并除以样本数量，得到残差协方差矩阵。这个计算过程可以表示为S(k|k-1)=1/NΣ_{i=1}^N(z(k|k-1)-h(x(k|k-1)))(z(k|k-1)-h(x(k|k-1)))^T，其中N是样本数量。,"残差协方差: (8.23) z(k|k-1)=h(h)x,(k|k-1)",,hard,
78,Unknown,Unknown,在卡尔曼滤波中，如果先验误差估计的协方差矩阵P(k/k-1)的计算涉及公式(2.8)，那么如何推导得到P(k/k-1)的表达式？,formula_reasoning,yes,先验误差估计的协方差矩阵P(k/k-1)的表达式为P(k/k-1)=E{e(k/k-1)e1(k/k-1)}。这一公式表示的是先验误差向量e(k/k-1)的期望值，其中e(k/k-1)=X(k)-X(k/k-1)。因此，P(k/k-1)的推导是基于误差向量的期望值计算得出的。,e(k/k-1)=X(k)-X(k/k-1) (2.7) 可以得到先验误差估计的协方差矩阵为 P(k/k-1)=E{e(k/k-1)e1(k/k-1)} (2.8),,hard,
79,Unknown,Unknown,若已知状态转移矩阵D(k)和观测矩阵Hs(k)，如何推导出多传感器系统中融合观测值的最优估计公式？请详细说明计算逻辑。,formula_reasoning,yes,最优估计的公式可以通过最小化误差协方差矩阵的迹来推导。首先，利用状态转移矩阵D(k)和观测矩阵Hs(k)计算预测协方差矩阵P(k|k-1)，然后计算卡尔曼增益K(k)。接着，将预测状态与观测值进行加权融合，得到修正后的状态估计值。最终的最优估计公式为：X(k|k)=X(k|k-1)+K(k)(Z(k)-Hs(k)X(k|k-1))。具体的计算逻辑包括：计算预测协方差矩阵P(k|k-1)=D(k)P(k-1|k-1)D(k)^T+G(k)Q(k)G(k)^T，计算卡尔曼增益K(k)=P(k|k-1)Hs(k)^T(Hs(k)P(k|k-1)Hs(k)^T+R(k))^{-1}，最后进行状态更新。,"X(k+1)=D(k)X(k)+G(k)W(k) (7.6) (7.7) Z(k)=H(h)X(i)+V(h) 其中,X(k)∈R”是k时刻的状态向量;W(k)∈R*是具有零均值且协方差矩阵为Q(A)的 高斯噪声向量。对于第s个传感器,它获得的观测方程为 (7.8) Z,(h)=Hs(k)X(k)+V,(k) 其中,Z,(A)∈R”是第s个传感器在A时刻的观测问量;V(h)∈R”是具有零均值且协方差 矩阵为R(k)的高斯噪声向量;H(k)∈R”“是第s个传感器的测量矩阵(s=1,2,3,⋯,M 分别为局部节点的传感器编号)。",,hard,
80,Unknown,Unknown,根据卡尔曼滤波的递推公式，如果已知一步状态预测公式为 X(k/k-1)=AX(k-1/k-1)，预测协方差矩阵为 P(k/k-1)=AP(k-1/k-1)A1+Q(k)，并且卡尔曼增益 K(k)=P(k/k-1)H1[R(k)+HP(k/k-1)HT]-1，那么状态估计更新公式 X(k)=X(k/k-1)+K(k)[Y(k)-HX(k/k-1)] 中的 Y(k) 和 H 分别代表什么？,formula_reasoning,yes,Y(k) 代表系统在时刻 k 的测量值，而 H 代表观测矩阵，它描述了系统状态与测量值之间的关系。,X(k)=X(k/k-1)+K(k)[Y(k)-HX(k/k-1)],,hard,
81,Unknown,Unknown,根据教材片段中的参数设定，计算目标在初始阶段的运动模式概率分布，并解释如何利用马尔可夫状态转移矩阵π进行模型概率更新。,formula_reasoning,yes,"目标的初始模型概率为μo=(0.6,0.2,0.2)，这表示初始时三个运动模式的概率分别为0.6、0.2和0.2。马尔可夫状态转移矩阵π用于在每一步更新模型概率，公式为：μ^{k} = π * μ^{k-1}。这里π是一个3x3的矩阵，其中π(i,j)表示从模式j转移到模式i的概率。在实际计算时，根据当前的模型概率μ^{k-1}和马尔可夫转移矩阵π，可以得到下一时刻的模型概率μ^{k}，从而实现模型概率的动态更新。","选取e=-3/s,初始运动的三个模式为:0u=0°/s,0m=3°/s,0m=-3°/s。粉始模型概 率为μo=(0.6,0.2,0.2)。马尔可夫状态转移矩阵为π。",,hard,
82,Unknown,Unknown,已知全集U=R，对任意x∈R，定义集合A的隶属度函数为A(x)=exp(-|x|/α)，集合B的隶属度函数为B(x)=exp(-|x|²/β)，其中α和β为正实数参数。试推导并计算A∪B和A∩B的隶属度函数表达式，并说明其计算逻辑。,formula_reasoning,yes,"根据模糊集理论，两个模糊集合A和B的并集和交集的隶属度函数可以通过以下公式计算：

1. A∪B的隶属度函数为：μ_{A∪B}(x) = max(μ_A(x), μ_B(x)) = max(exp(-|x|/α), exp(-|x|²/β))

计算逻辑：并集的隶属度函数取两个集合隶属度函数的最大值，表示元素属于至少一个集合的程度。

2. A∩B的隶属度函数为：μ_{A∩B}(x) = min(μ_A(x), μ_B(x)) = min(exp(-|x|/α), exp(-|x|²/β))

计算逻辑：交集的隶属度函数取两个集合隶属度函数的最小值，表示元素同时属于两个集合的程度。

注意：这里的α和β是正实数参数，它们影响隶属度函数的形状和范围。","2.设U=R,对x∈R,有A(x)=exp|-x乙,求一A,AUB",,hard,
83,Unknown,Unknown,"根据公式(5.7)和(5.8)，如何推导模糊数A的λ-水平截集A=[x,y]？请详细说明计算逻辑。",formula_reasoning,yes,"模糊数A的λ-水平截集A=[x,y]的计算逻辑如下：首先，根据公式(5.7)和(5.8)，我们确定满足条件的u的集合。对于给定的λ，找到最小的x和最大的y，使得μp(u)≥λ。x是满足μp(u)≥λ的最小u值，y是满足μp(u)≥λ的最大u值。因此，模糊数A的λ-水平截集A=[x,y]是由x和y定义的区间。","Fa+={uTu∈U且up(u)>a} (5.7) Fa={u|ueU且μp(u)≥a} (5.8) 可定义一个模糊数的入一水平截集对应一个区间。例如,令A为论域U上的模糊数,模糊数A的λ-水平截集为A=[x,y]。",,hard,
84,Unknown,Unknown,残差似然函数S(h|k)=h(k)P(k-1|k-1)h(k)^T+R(k)中，如何推导出该公式？请解释公式中每一项的物理意义以及推导过程中涉及的关键假设。,formula_reasoning,yes,残差似然函数S(h|k)的推导基于卡尔曼滤波的理论，该公式可以分解为两个部分。首先，h(k)P(k-1|k-1)h(k)^T表示预测误差协方差矩阵的迹，它反映了系统状态预测的不确定性。R(k)表示测量噪声的协方差矩阵，它反映了测量过程中的不确定性。推导过程中假设了预测误差和测量噪声之间是独立的，同时测量噪声是零均值的高斯分布。这些假设保证了残差似然函数可以表示为两个协方差矩阵的和，从而得到公式S(h|k)=h(k)P(k-1|k-1)h(k)^T+R(k)。,"残差似然函数: S,(h|k)=h(k)P(k-1|k-1)h(k)^T+R(k)",,hard,
85,Unknown,Unknown,根据式(3.22)和式(3.23)，假设BD评分中的Dirichlet参数α满足什么条件时，BD评分会分别转变为K2评分和BDeu评分？请详细说明推导过程。,formula_reasoning,yes,当BD评分中的Dirichlet参数α满足α=1时，BD评分会转变为K2评分。推导过程是将α=1代入式(3.22)，可以将式(3.22)中的分子和分母同时消去α的参数，从而得到K2评分的表达式。同样地，当参数满足α=α强=α弱时，BD评分会转变为BDeu评分。推导过程是将α=α强=α弱代入式(3.23)，从而得到BDeu评分的表达式。,"【章节: 3.2】
【⚠️ MTFC 块 (AnchorScore=1.8)】
对式(3.20)两边取对数,并结合式(3.17),可得 T(ai)三T(a强+m弧) (3.21) +logP(G) logP(G|D)= O工(ai+mg)=T(a疏) j 称式(3.21)为BD(Bayesian-Dirchlet)评分,当网络结构的先验分布为均匀分布时 logP(G)=0,BD评分则被称为是CH(Coaper-Herskovits)评分 对于BD评分中的Dinchlet参数aa,一种假设""是其服从统一的参数aa=1,这样BD 评分转变为一种新的评分——K2 评分:
一(T-1)! fk?(G,D)= LogP(G (3.22) Oo(mg+ri-1)!F i=1i=1 还有一种假设[6],如果参数满足 α疏 BD 评分就转变成新的评分——BDeu 评分 C fBpeu(G,D)= +logP(G) (3.23) LOg i=1j= iq 2)基于信息论的评分函数。首先,介绍对数似然(Log-Likeihooa,工)评分的定义如下 m跳 LL(G|D)= mlog (3.24) i三1j三点=1 m 对数似然(LL)评分常用于完善网络结构,它不能在学习网络中给出一种有用的、独 立假设下的表达方法。对于其产生的过度拟合现象,通常采用两种方法来避免:限制每个网 络变量的父节点数,或者在L评分中使用一些惩罚因子。在使用惩罚因子的方法中,诞生 出了贝叶斯信息准则(BayesiannformationCrierion,BC)评分函数和最小描述长度(Mini mum DescriptionLengh,MDL)评分函数,下面逐个阐述这两种评分函数。",,hard,
86,Unknown,Unknown,根据Dempster合成规则计算得到的Bel({Paul})=1，但这一结果与人的常识推理相违背，Zadeh称之为‘Zadeh悖论’。请推导出为什么在Dempster合成规则下会出现这种与常识相悖的结果，并说明其背后的原因。,formula_reasoning,yes,根据Dempster合成规则，Bel函数计算的是对某个命题的最小可信度，而Pl函数计算的是对某个命题的最大可信度。在本例中，计算得到Bel({Paul})=1，意味着我们对Paul是凶手的信念达到了最大值，而Pl({Paul})=1也表明我们对Paul不是凶手的信念达到了最大值。这与常识推理相违背，是因为Dempster合成规则在处理相互排斥的证据时，会放大证据之间的冲突。具体来说，当两个目击证人的证词存在冲突时，合成规则会将这些冲突的证据进行加权平均，从而导致对某一命题的信念达到极值。这种现象被称为‘Zadeh悖论’，说明Dempster合成规则在处理某些类型的证据时可能会导致与人类直觉相悖的结果。具体计算过程见教材片段。,"信任函数值=似然函数值=组合后的BPA值 即, Bel({Peter})=Pl({Peter})=mz({Peter})=0 Bel({Paul})=Pl({Paul})=m2({Paul})=1 Bel({Mary})=Pl({Mary})=mi2({Mary})=0 我们虽然利用Dempster合成规则以及两个目击证人(W1,W2)判断出了某宗“谋举 案”的三名犯罪嫌疑人(Peter,Paul,May)中究竟谁是真正的凶手,但得到的结果(认定 Pal是凶手)却违背了人的常识推理。Zadeh认为这样的结果显然是无法接受的,这种情况 被称为出现了“Zadeh悖论”。",,hard,
87,Unknown,Unknown,基于贝叶斯评分函数的推导中，如何将后验概率P(G|D)转化为仅与似然函数P(D|G)和先验概率P(G)相关的表达式？请详细说明推导过程及涉及的公式。,formula_reasoning,yes,根据贝叶斯公式，后验概率P(G|D)可以表示为P(D|G)P(G)/P(D)。由于P(D)是与结构G无关的归一化常数，因此可以忽略不计，从而得到P(G|D)与P(D|G)P(G)成正比。将该关系取对数后，得到logP(G|D)=logP(D|G)+logP(G)。这一步推导将后验概率转化为仅与似然函数和先验概率相关的表达式，为后续的结构学习提供了数学基础。,"根据贝叶斯公式可知 P(D|G)P(G) P(G|D)= (3.16) P(D) 由于P(D)与G是无关的,故有P(G|D)cP(D|G)P(G),两边取对数,得 (3.17) logP(G|D)=logP(D|G)+logP(G)",,hard,
88,Unknown,Unknown,根据给定的公式推导，计算m?({Mary})的值是否为0.00，并解释计算逻辑。,formula_reasoning,yes,m?({Mary})的值不为0.00。根据教材片段中的计算逻辑，m?({Mary})=m?(B)·m(C)，并且m?({Mary})·mz({Mary})=0.00 × 0.99=0.00。因此，m?({Mary})的值为0.00，但是这与m?({Mary})=m?(B)·m(C)的计算逻辑相矛盾，因此m?({Mary})的值不是0.00。,"m?({Mary})= m?(B)·m(C) KBnC={Maryl m,({Mary})·mz({Mary}) × 0.00 × 0.99 = 0.00 O.OOO1",,hard,
89,Unknown,Unknown,根据教材片段中的公式推导，假设 P(EH) 和 P(HE) 的计算公式分别为 P(E)P(H) 和 P(E) ，那么如何推导出贝叶斯推理法则？请详细说明推导过程。,formula_reasoning,yes,将式(3.3)和式(3.6)代入式(3.7)中，可以得到 P(EH) = P(E)P(H) 和 P(HE) = P(E)，然后通过将 P(EH) 和 P(HE) 相除可以得到贝叶斯推理法则。,"P(EH) (3.7) P(HE)=P(E) 将式(3.3)和式(3.6)代入式(3.7)中,就导出了贝叶斯推理法则 4",,hard,
90,Unknown,Unknown,已知全集U=R，对任意x∈R，集合A和B的隶属度函数分别为A(x)=exp[-|x|]和B(x)=exp[-x²]，求A∪B和A∩B，并画出图形。,formula_reasoning,yes,"首先，计算A∪B的隶属度函数为max(A(x), B(x))，A∩B的隶属度函数为min(A(x), B(x))。

对于A(x)=exp[-|x|]，它是一个对称的钟形曲线，峰值在x=0处，且随着|x|的增加而指数衰减。
对于B(x)=exp[-x²]，它是一个对称的钟形曲线，峰值在x=0处，且随着|x|的增加而高斯衰减。

A∪B的隶属度函数为max(exp[-|x|], exp[-x²])，这会形成一个在x=0处有更高峰值的钟形曲线，且在|x|较小时，曲线形状由exp[-|x|]决定；在|x|较大时，曲线形状由exp[-x²]决定。
A∩B的隶属度函数为min(exp[-|x|], exp[-x²])，这会形成一个在x=0处有较低峰值的钟形曲线，且在|x|较小时，曲线形状由exp[-x²]决定；在|x|较大时，曲线形状由exp[-|x|]决定。

由于无法直接绘制图形，可以通过对x取不同的值计算对应的隶属度函数值，然后将这些点连接成曲线来画出图形。",已知全集U=R，对任意x∈R，集合A和B的隶属度函数分别为A(x)=exp[-|x|]和B(x)=exp[-x²]，求A∪B和A∩B，并画出图形。,,hard,
91,Unknown,Unknown,"若给定一个模糊数A的λ-水平截集为A=[x,y]，且已知x和y分别对应于模糊数的两个特定点，请推导出模糊数A的λ-水平截集的长度表达式，并解释其含义。",formula_reasoning,yes,"模糊数A的λ-水平截集的长度表达式为L(λ)=y-x。其含义是，对于给定的λ，模糊数A的λ-水平截集A=[x,y]对应的区间长度L(λ)表示在该α水平下，模糊数的不确定性范围。随着λ的增加，L(λ)会减小，表示模糊数的不确定性逐渐降低。","模糊数A的λ-水平截集为A=[x,y]。",,hard,
92,Unknown,Unknown,式(3.6)的全概率公式可以表示为P(E)=ΣP(E|H;)P(H;)，其中Σ表示对所有可能的假设H;求和。假设有一个系统有三个可能的假设H1、H2和H3，它们的概率分别为P(H1)=0.2，P(H2)=0.5，P(H3)=0.3。并且已知P(E|H1)=0.7，P(E|H2)=0.4，P(E|H3)=0.6，请计算P(E)的值，并说明计算过程中的逻辑。,formula_reasoning,yes,P(E)的计算过程是通过将每个假设的后验概率和条件概率相乘后求和得到。根据全概率公式，P(E) = P(E|H1)P(H1) + P(E|H2)P(H2) + P(E|H3)P(H3) = 0.7×0.2 + 0.4×0.5 + 0.6×0.3 = 0.14 + 0.2 + 0.18 = 0.52。计算过程中，首先确定所有可能的假设H1、H2和H3的概率和条件概率，然后将它们相乘并求和得到P(E)。,式(3.6)称为全概率公式。,,hard,
93,Unknown,Unknown,根据教材片段中的公式推导，若输出层第k个神经元的误差e_k为0.5，学习率η为0.1，且对误差函数e的偏导数为2，求权系数的修改量△W_k的值，并解释计算逻辑。,formula_reasoning,yes,根据公式推导的计算逻辑，权系数的修改量为△W_k = -η * ∂e/∂W_k。将已知数值代入公式得到△W_k = -0.1 * 2 = -0.2。计算逻辑是将误差的负梯度方向与学习率相乘，从而得到权系数的更新量。,"由于BP神经网络算法，按误差函数e的负梯度方向修改权系数W，故权系数的修改量为 e (6.4) AWg=-nōv 其中，η为学习率，即步长。令e为输出层中第k个神经元的误差值，则有 aeoeoUt (6.5) oWgoUt oW Ge-是关键，它可以用来修正权值 W( 根据BP神经网络算法原则，求ow 由于U""=2W,X1，对其求导数，有下面的公式成立:",,hard,
94,Unknown,Unknown,根据教材片段中的公式推导，如何从式(6.6)和式(6.8)推导出式(6.7)的计算逻辑？请详细说明推导过程。,formula_reasoning,yes,首先，从式(6.6)得出oU/oW = X1，这表示输出层神经元的输入与权值之间的导数关系。接着，利用链式法则，将误差函数对权值的导数表示为oE/oW = oE/oU * oU/oW。将oE/oU替换为式(6.5)得到的ae/oUt，并将oU/oW替换为X1，从而得到oE/oW = ae/oUt * X1。最后，将该结果乘以学习率η，得到权值的修正量AW = -η * ae/oUt * X1，即为式(6.7)的推导结果。,"由于U""=2W,X1,对其求导数,有下面的公式成立: WX oU (6.6) ow oW oU 从而有 由式(6.6)可求得oWg=x= e e (6.7) X oWg oUt e e (6.8) AWi三ow oU",,hard,
95,Unknown,Unknown,卡尔曼增益 K(k) 的计算公式中，矩阵 R(k) 和 Q(k) 的作用分别是什么？为什么在计算卡尔曼增益时需要将 R(k) 与 HP(k/k-1)HT 相加？,formula_reasoning,yes,R(k) 表示测量噪声的协方差矩阵，Q(k) 表示过程噪声的协方差矩阵。在计算卡尔曼增益时，将 R(k) 与 HP(k/k-1)HT 相加是为了得到观测噪声和状态估计误差之间的关系，这反映了测量噪声和系统不确定性的综合影响。这个计算逻辑确保了卡尔曼增益能够正确地在状态估计和测量之间进行加权。,K(k)=P(k/k-1)H1[R(k)+HP(k/k-1)HT]-1,,hard,
96,Unknown,Unknown,"根据公式推导,如果某个传感器判决目标类型为a的支持度为Bel(a)=m(a)，而目标类型属于a或a2或a3的支持度为Bel(aUa2Ua3)=m(a)+m(a2)+m(a3)+m(aUa2)+m(a1Ua3)+m(a2Ua3)+m(a1Ua2Ua3)，请推导出该命题的似然度Pl(a)的计算公式并解释其含义。",formula_reasoning,yes,"根据似然度的定义,Pl(a)等于所有没有分配给该命题的反命题的概率分配值的和。根据公式推导,Pl(a) = 1 - Bel(a)。因此,Pl(a) = 1 - [m(a) + m(a2) + m(a3) + m(aUa2) + m(a1Ua3) + m(a2Ua3) + m(a1Ua2Ua3)]。Pl(a)表示的是证据不支持该命题的概率，即证据反驳该命题的程度。","一个给定命题的似然度是这样定义的:所有没有分配给这个命题的反命题的概率分配值 的和。换句诂说,一个命题的似然度等于只要能在某方面支持孩命题的所有概率分配值的 和,a;的似然度Pl(a;)可以写为 Pl(ai)=1-Bel(ai) (4.5) 其中,Be(a)称为a,疑惑度,它代表了证据反驳命题的程度,也就是说,证据支持原 3",,hard,
97,Unknown,Unknown,根据公式(4.18)推导出归一化因子K的表达式，并解释其在证据体融合中的作用。,formula_reasoning,yes,归一化因子K的表达式为K=1/(X:(m;)Y;(m;)Sx(mg)θ。(m。) x?nynSxn6p=2)。其作用是将每个证据体的特征变化量进行归一化处理，以确保在进行证据体融合时，不同特征的变化量具有可比性，从而提高融合结果的准确性。,K= X;(m;)Y;(m;)Sx(mg)6。(m。) x?nynSxn6p≠a (4.18) X:(mi)Y;(m;)Sx(mg)θ。(mp) x?nynSxn6p=2,,hard,
98,Unknown,Unknown,"当支持度和似然度为[0.25,1]时，不确定区间的宽度是多少？请结合公式推导过程进行解释。",formula_reasoning,yes,不确定区间的宽度是0.75。因为支持度为0.25，说明证据部分支持命题a的比例是0.25，而似然度为1，说明证据没有直接反驳命题a。不确定区间宽度的计算公式为1-支持度，即1-0.25=0.75。因此，不确定区间的宽度为0.75。,"如果支持度和似然度为[0.25,1] 说明证据部分支持命题a,支持的程度为0.25,此时的似然度为1说明了证据没有直接 反驳命题α,此时位于宽为0.75的不确定区同里的概率分配值可以自由地转化为支持该 命题。",,hard,
99,Unknown,Unknown,"根据公式(4.6),若已知m(a)=0.3,m(aiUa)=0.2,m(0)=0.1,请计算Pl(ai)的值并解释其意义。同时根据公式(4.7),当Bel(ai)=0.4时,Pl(ai)的值应该满足什么关系?",formula_reasoning,yes,"根据公式(4.6)Pl(ai)=m(a)+m(aiUa)+m(0)=0.3+0.2+0.1=0.6。Pl(ai)表示命题ai的似然度,代表命题ai可能发生概率的上界,即在所有可能的子集中,与ai有关的概率分配值的总和。根据公式(4.7)Bel(ai)≤Pl(ai),当Bel(ai)=0.4时,Pl(ai)的值应该大于等于0.4。","Pl(ai)=m(a)+m(aiUa)+⋯+m(@) 不确定区间定义为[Bel(a),Pl(ai)]这里显然有 Bel(ai)≤Pl(a?)",,hard,
100,Unknown,Unknown,"在公式 (8.24) S,(h|k)=h(k)P(k-1|k-1)h(k)T+R(k) 中，如何推导出残差似然函数的计算逻辑？请解释其各项的物理意义和计算步骤。",formula_reasoning,yes,"公式 (8.24) 是残差似然函数的表达式，其推导过程如下：

1. 残差定义为观测值与预测值之间的差异，记为 z(k) - h(k)x(k|k-1)。这一步的物理意义是，通过观测值与预测值的对比得到残差。

2. 为了获得残差的似然函数，需要计算残差的协方差矩阵，即 S(k) = h(k)P(k-1|k-1)h(k)^T + R(k)。这里 h(k) 是观测矩阵，P(k-1|k-1) 是预测状态的协方差矩阵，R(k) 是观测噪声的协方差矩阵。h(k)P(k-1|k-1)h(k)^T 表示由于预测误差引起的残差协方差，而 R(k) 表示由于观测噪声引起的残差协方差。

3. 残差的似然函数是基于残差协方差矩阵的分布函数，通常采用高斯分布的形式，即 p(z(k)|x(k|k-1)) = (2π)^{-n/2} |S(k)|^{-1/2} exp(-1/2 z(k)^T S(k)^{-1} z(k))。通过计算残差的协方差矩阵，可以得到残差的似然函数，从而实现对状态的更新。

最终公式为 S(k) = h(k)P(k-1|k-1)h(k)^T + R(k)。","S,(h|k)=h(k)P(k-1|k-1)h(k)T+R(k) 残差似然函数:",,hard,
